{"config": {"model_config": {"input_size": 20, "hidden_size": 32, "num_layers": 2, "rnn_arch": "LSTM", "use_attn": true, "dropout": 0.0}, "tra_config": {"num_states": 3, "rnn_arch": "LSTM", "hidden_size": 32, "num_layers": 1, "dropout": 0.0, "tau": 1.0, "src_info": "LR_TPE"}, "model_type": "RNN", "lr": 0.001, "n_epochs": 100, "early_stop": 3, "max_steps_per_epoch": null, "lamb": 1.0, "rho": 0.99, "alpha": 0.5, "seed": 0, "logdir": "output/Alpha158", "pretrain": true, "init_state": null, "transport_method": "router", "use_daily_transport": false}, "best_eval_metric": -0.046379898712898764, "metrics": {"train": {"MSE": 0.15296597776672713, "MAE": 0.31331188940794225, "IC": 0.08217114584995065, "ICIR": 0.7985895406685017}, "valid": {"MSE": 0.1589282246245068, "MAE": 0.3196972937562419, "IC": 0.04638192475808453, "ICIR": 0.4406097437219342}, "test": {"MSE": 0.1589401810153558, "MAE": 0.31943931131187786, "IC": 0.04632834754791364, "ICIR": 0.32801764795135957}}}